City,Population,Plant,Transect,Lat.pop,Long.pop,Distance,Pop.density,HCN_Result,Locus.Li,Locus.Ac,Comments.Ac.Li,Check.HCN,Dmg.1,Dmg.2,Dmg.Avg,Comments.HCN
New York,1,1,,,,34.51095497,293.82758,0,1,0,One leaf split between two wells,,,,,
New York,1,2,,,,34.51095497,293.82758,1,1,1,,,,,,
New York,1,3,,,,34.51095497,293.82758,0,NA,NA,empty,,,,,
New York,1,4,,,,34.51095497,293.82758,1,1,1,,,,,,
New York,1,5,,,,34.51095497,293.82758,0,NA,NA,empty,,,,,
New York,1,6,,,,34.51095497,293.82758,1,1,1,,,,,,
New York,1,7,,,,34.51095497,293.82758,0,1,0,One leaf split between two wells,,,,,
New York,1,8,,,,34.51095497,293.82758,1,1,1,,,,,,
New York,1,9,,,,34.51095497,293.82758,0,1,1,One leaf split between two wells,,,,,
New York,1,10,,,,34.51095497,293.82758,0,1,0,One leaf split between two wells,,,,,
New York,1,11,,,,34.51095497,293.82758,0,0,1,One leaf split between two wells,,,,,
New York,1,12,,,,34.51095497,293.82758,0,0,1,One leaf split between two wells,,,,,
New York,1,13,,,,34.51095497,293.82758,0,1,0,One leaf split between two wells,,,,,
New York,1,14,,,,34.51095497,293.82758,1,1,1,,,,,,
New York,1,15,,,,34.51095497,293.82758,0,0,1,One leaf split between two wells,,,,,
New York,1,16,,,,34.51095497,293.82758,0,1,0,One leaf split between two wells,,,,,
New York,1,17,,,,34.51095497,293.82758,0,0,0,,,,,,
New York,1,18,,,,34.51095497,293.82758,1,1,1,,,,,,
New York,1,19,,,,34.51095497,293.82758,1,1,1,,,,,,
New York,1,20,,,,34.51095497,293.82758,0,1,0,One leaf split between two wells,,,,,
New York,2,1,,,,33.57207474,817.55988,1,1,1,,,,,,
New York,2,2,,,,33.57207474,817.55988,0,1,0,One leaf split between two wells,,,,,
New York,2,3,,,,33.57207474,817.55988,0,0,1,One leaf split between two wells,,,,,
New York,2,4,,,,33.57207474,817.55988,0,0,0,One leaf split between two wells,,,,,
New York,2,5,,,,33.57207474,817.55988,0,0,1,One leaf split between two wells,,,,,
New York,2,6,,,,33.57207474,817.55988,1,1,1,,,,,,
New York,2,7,,,,33.57207474,817.55988,0,1,0,One leaf split between two wells,,,,,
New York,2,8,,,,33.57207474,817.55988,0,0,0,One leaf split between two wells,,,,,
New York,2,9,,,,33.57207474,817.55988,0,1,1,One leaf split between two wells,,,,,
New York,2,10,,,,33.57207474,817.55988,0,0,1,One leaf split between two wells,,,,,
New York,2,11,,,,33.57207474,817.55988,1,1,1,,,,,,
New York,2,12,,,,33.57207474,817.55988,0,NA,NA,empty,,,,,
New York,2,13,,,,33.57207474,817.55988,0,NA,NA,empty,,,,,
New York,2,14,,,,33.57207474,817.55988,1,1,1,,,,,,
New York,2,15,,,,33.57207474,817.55988,1,1,1,,,,,,
New York,2,16,,,,33.57207474,817.55988,1,1,1,,,,,,
New York,2,17,,,,33.57207474,817.55988,0,0,1,One leaf split between two wells,,,,,
New York,3,1,,,,32.54858835,2579.0144,1,1,1,,,,,,
New York,3,2,,,,32.54858835,2579.0144,1,1,1,,,,,,
New York,3,3,,,,32.54858835,2579.0144,1,1,1,,,,,,
New York,3,4,,,,32.54858835,2579.0144,1,1,1,,,,,,
New York,3,5,,,,32.54858835,2579.0144,1,1,1,,,,,,
New York,3,6,,,,32.54858835,2579.0144,1,1,1,,,,,,
New York,3,7,,,,32.54858835,2579.0144,1,1,1,,,,,,
New York,3,8,,,,32.54858835,2579.0144,0,NA,NA,missing,,,,,
New York,3,9,,,,32.54858835,2579.0144,1,1,1,,,,,,
New York,3,10,,,,32.54858835,2579.0144,0,NA,NA,missing,,,,,
New York,3,11,,,,32.54858835,2579.0144,0,NA,NA,missing ,,,,,
New York,3,12,,,,32.54858835,2579.0144,0,0,0,One leaf split between two wells,,,,,
New York,3,13,,,,32.54858835,2579.0144,1,1,1,,,,,,
New York,3,14,,,,32.54858835,2579.0144,0,NA,NA,missing,,,,,
New York,3,15,,,,32.54858835,2579.0144,1,1,1,,,,,,
New York,3,16,,,,32.54858835,2579.0144,0,NA,NA,missing,,,,,
New York,3,17,,,,32.54858835,2579.0144,0,NA,NA,missing,,,,,
New York,3,18,,,,32.54858835,2579.0144,1,1,1,,,,,,
New York,3,19,,,,32.54858835,2579.0144,1,1,1,,,,,,
New York,4,1,,,,31.83174644,9415.26953,0,0,0,One leaf split between two wells,,,,,
New York,4,2,,,,31.83174644,9415.26953,1,1,1,,,,,,
New York,4,3,,,,31.83174644,9415.26953,0,1,0,,,,,,
New York,4,4,,,,31.83174644,9415.26953,0,0,0,One leaf split between two wells,,,,,
New York,4,5,,,,31.83174644,9415.26953,1,1,1,,,,,,
New York,4,6,,,,31.83174644,9415.26953,0,1,0,One leaf split between two wells,,,,,
New York,4,7,,,,31.83174644,9415.26953,0,0,0,One leaf split between two wells,,,,,
New York,4,8,,,,31.83174644,9415.26953,0,1,0,One leaf split between two wells,,,,,
New York,4,9,,,,31.83174644,9415.26953,0,NA,NA,empty,,,,,
New York,4,10,,,,31.83174644,9415.26953,0,1,0,,,,,,
New York,4,11,,,,31.83174644,9415.26953,1,1,1,,,,,,
New York,4,12,,,,31.83174644,9415.26953,0,0,1,One leaf split between two wells,,,,,
New York,4,13,,,,31.83174644,9415.26953,0,1,0,One leaf split between two wells,,,,,
New York,4,14,,,,31.83174644,9415.26953,0,1,0,One leaf split between two wells,,,,,
New York,4,15,,,,31.83174644,9415.26953,0,1,0,,,,,,
New York,4,16,,,,31.83174644,9415.26953,0,1,0,,,,,,
New York,4,17,,,,31.83174644,9415.26953,0,1,0,One leaf split between two wells,,,,,
New York,4,18,,,,31.83174644,9415.26953,0,NA,NA,empty,,,,,
New York,4,19,,,,31.83174644,9415.26953,0,1,0,One leaf split between two wells,,,,,
New York,4,20,,,,31.83174644,9415.26953,0,1,0,One leaf split between two wells,,,,,
New York,5,1,,,,30.96033074,6844.70215,1,1,1,,,,,,
New York,5,2,,,,30.96033074,6844.70215,0,NA,NA,empty,,,,,
New York,5,3,,,,30.96033074,6844.70215,0,NA,NA,missing,,,,,
New York,5,4,,,,30.96033074,6844.70215,0,NA,NA,missing,,,,,
New York,5,5,,,,30.96033074,6844.70215,0,0,0,One leaf split between two wells,,,,,
New York,5,6,,,,30.96033074,6844.70215,0,NA,NA,missing,,,,,
New York,5,7,,,,30.96033074,6844.70215,0,NA,NA,missing,,,,,
New York,5,8,,,,30.96033074,6844.70215,1,1,1,,,,,,
New York,5,9,,,,30.96033074,6844.70215,1,1,1,,,,,,
New York,5,10,,,,30.96033074,6844.70215,0,NA,NA,missing,,,,,
New York,5,11,,,,30.96033074,6844.70215,0,NA,NA,missing,,,,,
New York,5,12,,,,30.96033074,6844.70215,0,1,0,,,,,,
New York,5,13,,,,30.96033074,6844.70215,0,NA,NA,missing,,,,,
New York,5,14,,,,30.96033074,6844.70215,0,NA,NA,missing,,,,,
New York,5,15,,,,30.96033074,6844.70215,1,1,1,,,,,,
New York,5,16,,,,30.96033074,6844.70215,0,NA,NA,missing,,,,,
New York,5,17,,,,30.96033074,6844.70215,0,NA,NA,missing,,,,,
New York,5,18,,,,30.96033074,6844.70215,0,1,0,One leaf split between two wells,,,,,
New York,5,19,,,,30.96033074,6844.70215,0,NA,NA,missing,,,,,
New York,5,20,,,,30.96033074,6844.70215,0,NA,NA,missing,,,,,
New York,6,1,,,,29.91822863,6181.61084,0,NA,NA,empty,,,,,
New York,6,2,,,,29.91822863,6181.61084,0,0,1,One leaf split between two wells,,,,,
New York,6,3,,,,29.91822863,6181.61084,0,NA,NA,empty,,,,,
New York,6,4,,,,29.91822863,6181.61084,0,0,1,One leaf split between two wells,,,,,
New York,6,5,,,,29.91822863,6181.61084,0,1,0,One leaf split between two wells,,,,,
New York,6,6,,,,29.91822863,6181.61084,0,1,0,One leaf split between two wells,,,,,
New York,6,7,,,,29.91822863,6181.61084,0,NA,NA,empty,,,,,
New York,6,8,,,,29.91822863,6181.61084,0,0,1,One leaf split between two wells,,,,,
New York,6,9,,,,29.91822863,6181.61084,1,1,1,,,,,,
New York,6,10,,,,29.91822863,6181.61084,0,1,0,One leaf split between two wells,,,,,
New York,6,11,,,,29.91822863,6181.61084,0,1,0,One leaf split between two wells,,,,,
New York,6,12,,,,29.91822863,6181.61084,1,1,1,,,,,,
New York,6,13,,,,29.91822863,6181.61084,0,0,1,One leaf split between two wells,,,,,
New York,6,14,,,,29.91822863,6181.61084,0,NA,NA,empty,,,,,
New York,6,15,,,,29.91822863,6181.61084,0,0,0,One leaf split between two wells,,,,,
New York,6,16,,,,29.91822863,6181.61084,0,1,1,One leaf split between two wells,,,,,
New York,6,17,,,,29.91822863,6181.61084,0,1,0,One leaf split between two wells,,,,,
New York,6,18,,,,29.91822863,6181.61084,0,NA,NA,empty,,,,,
New York,6,19,,,,29.91822863,6181.61084,0,NA,NA,empty,,,,,
New York,6,20,,,,29.91822863,6181.61084,0,0,1,One leaf split between two wells,,,,,
New York,7,1,,,,29.15717376,1663.34656,0,NA,NA,missing,,,,,
New York,7,2,,,,29.15717376,1663.34656,0,NA,NA,missing,,,,,
New York,7,3,,,,29.15717376,1663.34656,1,1,1,,,,,,
New York,7,4,,,,29.15717376,1663.34656,0,1,1,One leaf split between two wells,,,,,
New York,7,5,,,,29.15717376,1663.34656,0,NA,NA,missing,,,,,
New York,7,6,,,,29.15717376,1663.34656,0,NA,NA,missing,,,,,
New York,7,7,,,,29.15717376,1663.34656,0,NA,NA,missing,,,,,
New York,7,8,,,,29.15717376,1663.34656,0,0,0,One leaf split between two wells,,,,,
New York,7,9,,,,29.15717376,1663.34656,1,1,1,,,,,,
New York,7,10,,,,29.15717376,1663.34656,0,NA,NA,missing,,,,,
New York,7,11,,,,29.15717376,1663.34656,0,NA,NA,missing,,,,,
New York,7,12,,,,29.15717376,1663.34656,0,NA,NA,empty,,,,,
New York,7,13,,,,29.15717376,1663.34656,0,NA,NA,missing,,,,,
New York,7,14,,,,29.15717376,1663.34656,0,NA,NA,missing,,,,,
New York,7,15,,,,29.15717376,1663.34656,0,NA,NA,missing,,,,,
New York,7,16,,,,29.15717376,1663.34656,0,0,0,,,,,,
New York,7,17,,,,29.15717376,1663.34656,0,NA,NA,missing,,,,,
New York,7,18,,,,29.15717376,1663.34656,0,NA,NA,empty,,,,,
New York,7,19,,,,29.15717376,1663.34656,0,NA,NA,missing,,,,,
New York,7,20,,,,29.15717376,1663.34656,0,NA,NA,missing,,,,,
New York,8,1,,,,27.93842086,1518.12036,0,0,1,One leaf split between two wells,,,,,
New York,8,2,,,,27.93842086,1518.12036,0,1,1,One leaf split between two wells,,,,,
New York,8,3,,,,27.93842086,1518.12036,0,0,0,One leaf split between two wells,,,,,
New York,8,4,,,,27.93842086,1518.12036,1,1,1,,,,,,
New York,8,5,,,,27.93842086,1518.12036,1,1,1,,,,,,
New York,8,6,,,,27.93842086,1518.12036,1,1,1,,,,,,
New York,8,7,,,,27.93842086,1518.12036,1,1,1,,,,,,
New York,8,8,,,,27.93842086,1518.12036,1,1,1,,,,,,
New York,8,9,,,,27.93842086,1518.12036,0,NA,NA,empty,,,,,
New York,8,10,,,,27.93842086,1518.12036,0,0,1,One leaf split between two wells,,,,,
New York,8,11,,,,27.93842086,1518.12036,0,0,1,One leaf split between two wells,,,,,
New York,8,12,,,,27.93842086,1518.12036,0,0,1,One leaf split between two wells,,,,,
New York,8,13,,,,27.93842086,1518.12036,0,1,0,One leaf split between two wells,,,,,
New York,8,14,,,,27.93842086,1518.12036,0,0,1,One leaf split between two wells,,,,,
New York,8,15,,,,27.93842086,1518.12036,0,1,1,One leaf split between two wells,,,,,
New York,8,16,,,,27.93842086,1518.12036,0,0,0,One leaf split between two wells,,,,,
New York,8,17,,,,27.93842086,1518.12036,0,1,0,One leaf split between two wells,,,,,
New York,8,18,,,,27.93842086,1518.12036,0,0,0,One leaf split between two wells,,,,,
New York,8,19,,,,27.93842086,1518.12036,0,0,1,One leaf split between two wells,,,,,
New York,8,20,,,,27.93842086,1518.12036,0,1,0,One leaf split between two wells,,,,,
New York,9,1,,,,26.93715648,507.58511,0,NA,NA,empty,,,,,
New York,9,2,,,,26.93715648,507.58511,0,NA,NA,empty,,,,,
New York,9,3,,,,26.93715648,507.58511,0,0,0,One leaf split between two wells,,,,,
New York,9,4,,,,26.93715648,507.58511,0,0,1,One leaf split between two wells,,,,,
New York,9,5,,,,26.93715648,507.58511,0,NA,NA,empty,,,,,
New York,9,6,,,,26.93715648,507.58511,0,1,0,One leaf split between two wells,,,,,
New York,9,7,,,,26.93715648,507.58511,1,1,1,,,,,,
New York,9,8,,,,26.93715648,507.58511,0,1,0,One leaf split between two wells,,,,,
New York,9,9,,,,26.93715648,507.58511,0,1,0,One leaf split between two wells,,,,,
New York,9,10,,,,26.93715648,507.58511,0,1,0,One leaf split between two wells,,,,,
New York,9,11,,,,26.93715648,507.58511,0,1,0,One leaf split between two wells,,,,,
New York,9,12,,,,26.93715648,507.58511,0,0,1,One leaf split between two wells,,,,,
New York,9,13,,,,26.93715648,507.58511,0,1,1,One leaf split between two wells,,,,,
New York,9,14,,,,26.93715648,507.58511,0,1,0,One leaf split between two wells,,,,,
New York,9,15,,,,26.93715648,507.58511,1,1,1,,,,,,
New York,9,16,,,,26.93715648,507.58511,0,1,0,One leaf split between two wells,,,,,
New York,9,17,,,,26.93715648,507.58511,0,1,0,One leaf split between two wells,,,,,
New York,9,18,,,,26.93715648,507.58511,1,1,1,,,,,,
New York,9,19,,,,26.93715648,507.58511,0,0,0,One leaf split between two wells,,,,,
New York,9,20,,,,26.93715648,507.58511,0,NA,NA,empty,,,,,
New York,10,1,,,,25.76236318,1484.23462,0,NA,NA,missing,,,,,
New York,10,2,,,,25.76236318,1484.23462,0,NA,NA,missing,,,,,
New York,10,3,,,,25.76236318,1484.23462,0,1,0,,,,,,
New York,10,4,,,,25.76236318,1484.23462,0,NA,NA,missing,,,,,
New York,10,5,,,,25.76236318,1484.23462,0,NA,NA,missing,,,,,
New York,10,6,,,,25.76236318,1484.23462,1,1,1,,,,,,
New York,10,7,,,,25.76236318,1484.23462,0,1,0,One leaf split between two wells,,,,,
New York,10,8,,,,25.76236318,1484.23462,0,NA,NA,missing,,,,,
New York,10,9,,,,25.76236318,1484.23462,0,NA,NA,missing,,,,,
New York,10,10,,,,25.76236318,1484.23462,0,0,1,One leaf split between two wells,,,,,
New York,10,11,,,,25.76236318,1484.23462,1,1,1,,,,,,
New York,10,12,,,,25.76236318,1484.23462,0,NA,NA,missing,,,,,
New York,10,13,,,,25.76236318,1484.23462,0,NA,NA,missing,,,,,
New York,10,14,,,,25.76236318,1484.23462,0,NA,NA,e,,,,,
New York,10,15,,,,25.76236318,1484.23462,0,NA,NA,missing,,,,,
New York,10,16,,,,25.76236318,1484.23462,0,NA,NA,missing,,,,,
New York,10,17,,,,25.76236318,1484.23462,0,1,0,One leaf split between two wells,,,,,
New York,10,18,,,,25.76236318,1484.23462,0,NA,NA,missing,,,,,
New York,10,19,,,,25.76236318,1484.23462,0,NA,NA,missing,,,,,
New York,10,20,,,,25.76236318,1484.23462,0,NA,NA,missing,,,,,
New York,13,1,,,,22.74060909,3283.66797,1,1,1,,,,,,
New York,13,2,,,,22.74060909,3283.66797,0,NA,NA,missing,,,,,
New York,13,3,,,,22.74060909,3283.66797,1,1,1,,,,,,
New York,13,4,,,,22.74060909,3283.66797,0,NA,NA,missing,,,,,
New York,13,5,,,,22.74060909,3283.66797,0,NA,NA,missing,,,,,
New York,13,6,,,,22.74060909,3283.66797,0,NA,NA,e,,,,,
New York,13,7,,,,22.74060909,3283.66797,0,NA,NA,missing,,,,,
New York,13,8,,,,22.74060909,3283.66797,0,NA,NA,missing,,,,,
New York,13,9,,,,22.74060909,3283.66797,1,1,1,,,,,,
New York,13,10,,,,22.74060909,3283.66797,1,1,1,,,,,,
New York,13,11,,,,22.74060909,3283.66797,1,1,1,,,,,,
New York,13,12,,,,22.74060909,3283.66797,0,NA,NA,e,,,,,
New York,13,13,,,,22.74060909,3283.66797,0,NA,NA,missing,,,,,
New York,13,14,,,,22.74060909,3283.66797,0,NA,NA,missing,,,,,
New York,13,15,,,,22.74060909,3283.66797,0,1,0,One leaf split between two wells,,,,,
New York,13,16,,,,22.74060909,3283.66797,0,NA,NA,missing,,,,,
New York,13,17,,,,22.74060909,3283.66797,1,1,1,,,,,,
New York,13,18,,,,22.74060909,3283.66797,0,NA,NA,missing,,,,,
New York,13,19,,,,22.74060909,3283.66797,1,1,1,,,,,,
New York,13,20,,,,22.74060909,3283.66797,1,1,1,,,,,,
New York,14,1,,,,21.61113379,3449.70752,0,0,0,One leaf split between two wells,,,,,
New York,14,2,,,,21.61113379,3449.70752,0,0,0,,,,,,
New York,14,3,,,,21.61113379,3449.70752,0,0,1,,,,,,
New York,14,4,,,,21.61113379,3449.70752,0,1,0,One leaf split between two wells,,,,,
New York,14,5,,,,21.61113379,3449.70752,0,1,0,One leaf split between two wells,,,,,
New York,14,6,,,,21.61113379,3449.70752,0,1,0,One leaf split between two wells,,,,,
New York,14,7,,,,21.61113379,3449.70752,0,NA,NA,e,,,,,
New York,14,8,,,,21.61113379,3449.70752,0,NA,NA,e,,,,,
New York,14,9,,,,21.61113379,3449.70752,0,NA,NA,e,,,,,
New York,14,10,,,,21.61113379,3449.70752,1,1,1,,,,,,
New York,14,11,,,,21.61113379,3449.70752,0,0,1,One leaf split between two wells,,,,,
New York,14,12,,,,21.61113379,3449.70752,0,0,0,One leaf split between two wells,,,,,
New York,14,13,,,,21.61113379,3449.70752,0,1,0,One leaf split between two wells,,,,,
New York,14,14,,,,21.61113379,3449.70752,0,NA,NA,e,,,,,
New York,14,15,,,,21.61113379,3449.70752,0,1,0,One leaf split between two wells,,,,,
New York,14,16,,,,21.61113379,3449.70752,0,NA,NA,e,,,,,
New York,14,17,,,,21.61113379,3449.70752,0,1,0,,,,,,
New York,14,18,,,,21.61113379,3449.70752,1,1,1,,,,,,
New York,14,19,,,,21.61113379,3449.70752,0,NA,NA,e,,,,,
New York,14,20,,,,21.61113379,3449.70752,0,NA,NA,e,,,,,
New York,15,1,,,,20.58630039,2943.05225,0,NA,NA,missing,,,,,
New York,15,2,,,,20.58630039,2943.05225,0,NA,NA,missing,,,,,
New York,15,3,,,,20.58630039,2943.05225,1,1,1,,,,,,
New York,15,4,,,,20.58630039,2943.05225,0,NA,NA,missing,,,,,
New York,15,5,,,,20.58630039,2943.05225,0,NA,NA,missing,,,,,
New York,15,6,,,,20.58630039,2943.05225,0,NA,NA,e,,,,,
New York,15,7,,,,20.58630039,2943.05225,0,NA,NA,missing,,,,,
New York,15,8,,,,20.58630039,2943.05225,0,NA,NA,missing,,,,,
New York,15,9,,,,20.58630039,2943.05225,0,1,1,One leaf split between two wells,,,,,
New York,15,10,,,,20.58630039,2943.05225,1,1,1,,,,,,
New York,15,11,,,,20.58630039,2943.05225,0,NA,NA,missing,,,,,
New York,15,12,,,,20.58630039,2943.05225,0,NA,NA,missing,,,,,
New York,15,13,,,,20.58630039,2943.05225,0,NA,NA,missing,,,,,
New York,15,14,,,,20.58630039,2943.05225,0,0,0,One leaf split between two wells,,,,,
New York,15,15,,,,20.58630039,2943.05225,0,1,0,,,,,,
New York,15,16,,,,20.58630039,2943.05225,1,1,1,,,,,,
New York,15,17,,,,20.58630039,2943.05225,0,NA,NA,missing,,,,,
New York,15,18,,,,20.58630039,2943.05225,0,1,0,,,,,,
New York,15,19,,,,20.58630039,2943.05225,0,NA,NA,missing,,,,,
New York,15,20,,,,20.58630039,2943.05225,0,NA,NA,missing,,,,,
New York,16,1,,,,19.83294942,1784.2804,0,0,1,One leaf split between two wells,,,,,
New York,16,2,,,,19.83294942,1784.2804,0,0,1,One leaf split between two wells,,,,,
New York,16,3,,,,19.83294942,1784.2804,0,1,0,One leaf split between two wells,,,,,
New York,16,4,,,,19.83294942,1784.2804,0,0,1,One leaf split between two wells,,,,,
New York,16,5,,,,19.83294942,1784.2804,0,NA,NA,e,,,,,
New York,16,6,,,,19.83294942,1784.2804,0,0,1,One leaf split between two wells,,,,,
New York,16,7,,,,19.83294942,1784.2804,1,1,1,,,,,,
New York,16,8,,,,19.83294942,1784.2804,0,1,0,One leaf split between two wells,,,,,
New York,16,9,,,,19.83294942,1784.2804,0,NA,NA,e,,,,,
New York,16,10,,,,19.83294942,1784.2804,0,0,1,One leaf split between two wells,,,,,
New York,16,11,,,,19.83294942,1784.2804,0,0,1,One leaf split between two wells,,,,,
New York,16,12,,,,19.83294942,1784.2804,0,0,1,One leaf split between two wells,,,,,
New York,16,13,,,,19.83294942,1784.2804,0,NA,NA,e,,,,,
New York,16,14,,,,19.83294942,1784.2804,0,0,1,One leaf split between two wells,,,,,
New York,16,15,,,,19.83294942,1784.2804,0,NA,NA,e,,,,,
New York,16,16,,,,19.83294942,1784.2804,0,0,0,One leaf split between two wells,,,,,
New York,16,17,,,,19.83294942,1784.2804,0,NA,NA,e,,,,,
New York,16,18,,,,19.83294942,1784.2804,0,0,0,One leaf split between two wells,,,,,
New York,16,19,,,,19.83294942,1784.2804,0,0,1,One leaf split between two wells,,,,,
New York,16,20,,,,19.83294942,1784.2804,0,NA,NA,e ,,,,,
New York,17,1,,,,19.00652668,2151.9585,1,1,1,,,,,,
New York,17,2,,,,19.00652668,2151.9585,0,NA,NA,missing,,,,,
New York,17,3,,,,19.00652668,2151.9585,0,1,1,One leaf split between two wells,,,,,
New York,17,4,,,,19.00652668,2151.9585,1,1,1,,,,,,
New York,17,5,,,,19.00652668,2151.9585,0,NA,NA,missing,,,,,
New York,17,6,,,,19.00652668,2151.9585,0,NA,NA,missing,,,,,
New York,17,7,,,,19.00652668,2151.9585,1,1,1,,,,,,
New York,17,8,,,,19.00652668,2151.9585,0,NA,NA,missing,,,,,
New York,17,9,,,,19.00652668,2151.9585,0,NA,NA,missing,,,,,
New York,17,10,,,,19.00652668,2151.9585,0,NA,NA,missing,,,,,
New York,17,11,,,,19.00652668,2151.9585,0,0,1,One leaf split between two wells,,,,,
New York,17,12,,,,19.00652668,2151.9585,0,NA,NA,missing,,,,,
New York,17,13,,,,19.00652668,2151.9585,0,NA,NA,missing,,,,,
New York,17,14,,,,19.00652668,2151.9585,0,NA,NA,e,,,,,
New York,17,15,,,,19.00652668,2151.9585,0,NA,NA,missing,,,,,
New York,17,16,,,,19.00652668,2151.9585,0,NA,NA,missing,,,,,
New York,17,17,,,,19.00652668,2151.9585,0,NA,NA,missing,,,,,
New York,17,18,,,,19.00652668,2151.9585,0,0,1,One leaf split between two wells,,,,,
New York,17,19,,,,19.00652668,2151.9585,0,NA,NA,missing,,,,,
New York,17,20,,,,19.00652668,2151.9585,0,NA,NA,missing,,,,,
New York,18,1,,,,18.30838418,5776.95654,1,1,1,,,,,,
New York,18,2,,,,18.30838418,5776.95654,0,NA,NA,e,,,,,
New York,18,3,,,,18.30838418,5776.95654,0,NA,NA,e,,,,,
New York,18,4,,,,18.30838418,5776.95654,0,NA,NA,e,,,,,
New York,18,5,,,,18.30838418,5776.95654,0,0,0,One leaf split between two wells,,,,,
New York,18,6,,,,18.30838418,5776.95654,0,1,1,One leaf split between two wells,,,,,
New York,18,7,,,,18.30838418,5776.95654,0,NA,NA,e,,,,,
New York,18,8,,,,18.30838418,5776.95654,1,1,1,,,,,,
New York,18,9,,,,18.30838418,5776.95654,0,NA,NA,e,,,,,
New York,18,10,,,,18.30838418,5776.95654,0,1,0,One leaf split between two wells,,,,,
New York,18,11,,,,18.30838418,5776.95654,0,1,1,One leaf split between two wells,,,,,
New York,18,12,,,,18.30838418,5776.95654,0,1,0,One leaf split between two wells,,,,,
New York,18,13,,,,18.30838418,5776.95654,0,1,0,One leaf split between two wells,,,,,
New York,18,14,,,,18.30838418,5776.95654,0,1,0,One leaf split between two wells,,,,,
New York,18,15,,,,18.30838418,5776.95654,0,1,0,One leaf split between two wells,,,,,
New York,18,16,,,,18.30838418,5776.95654,0,0,0,One leaf split between two wells,,,,,
New York,18,17,,,,18.30838418,5776.95654,0,NA,NA,e,,,,,
New York,18,18,,,,18.30838418,5776.95654,0,NA,NA,e,,,,,
New York,19,1,,,,17.30903243,10052.86621,0,1,0,One leaf split between two wells,,,,,
New York,19,2,,,,17.30903243,10052.86621,0,0,0,One leaf split between two wells,,,,,
New York,19,3,,,,17.30903243,10052.86621,0,1,0,One leaf split between two wells,,,,,
New York,19,4,,,,17.30903243,10052.86621,0,1,0,One leaf split between two wells,,,,,
New York,19,5,,,,17.30903243,10052.86621,0,0,0,One leaf split between two wells,,,,,
New York,19,6,,,,17.30903243,10052.86621,0,NA,NA,e,,,,,
New York,19,7,,,,17.30903243,10052.86621,0,0,1,One leaf split between two wells,,,,,
New York,19,8,,,,17.30903243,10052.86621,1,1,1,,,,,,
New York,19,9,,,,17.30903243,10052.86621,0,NA,NA,e,,,,,
New York,19,10,,,,17.30903243,10052.86621,1,1,1,,,,,,
New York,19,11,,,,17.30903243,10052.86621,0,NA,NA,e,,,,,
New York,19,12,,,,17.30903243,10052.86621,0,0,1,One leaf split between two wells,,,,,
New York,19,13,,,,17.30903243,10052.86621,0,0,0,One leaf split between two wells,,,,,
New York,19,14,,,,17.30903243,10052.86621,0,0,0,One leaf split between two wells,,,,,
New York,19,15,,,,17.30903243,10052.86621,0,0,0,,,,,,
New York,19,16,,,,17.30903243,10052.86621,0,1,0,One leaf split between two wells,,,,,
New York,19,17,,,,17.30903243,10052.86621,0,0,0,One leaf split between two wells,,,,,
New York,19,18,,,,17.30903243,10052.86621,0,NA,NA,e,,,,,
New York,19,19,,,,17.30903243,10052.86621,0,0,0,One leaf split between two wells,,,,,
New York,20,1,,,,16.5121922,9125.90137,0,NA,NA,missing,,,,,
New York,20,2,,,,16.5121922,9125.90137,1,1,1,,,,,,
New York,20,3,,,,16.5121922,9125.90137,0,NA,NA,missing,,,,,
New York,20,4,,,,16.5121922,9125.90137,0,NA,NA,missing,,,,,
New York,20,5,,,,16.5121922,9125.90137,0,NA,NA,missing,,,,,
New York,20,6,,,,16.5121922,9125.90137,0,NA,NA,missing,,,,,
New York,20,7,,,,16.5121922,9125.90137,0,0,0,One leaf split between two wells,,,,,
New York,20,8,,,,16.5121922,9125.90137,0,NA,NA,missing,,,,,
New York,20,9,,,,16.5121922,9125.90137,0,NA,NA,missing,,,,,
New York,20,10,,,,16.5121922,9125.90137,0,0,0,,,,,,
New York,20,11,,,,16.5121922,9125.90137,0,NA,NA,missing,,,,,
New York,20,12,,,,16.5121922,9125.90137,1,1,1,,,,,,
New York,20,13,,,,16.5121922,9125.90137,1,1,1,,,,,,
New York,20,14,,,,16.5121922,9125.90137,0,NA,NA,missing,,,,,
New York,20,15,,,,16.5121922,9125.90137,0,NA,NA,missing,,,,,
New York,20,16,,,,16.5121922,9125.90137,0,NA,NA,missing,,,,,
New York,20,17,,,,16.5121922,9125.90137,0,1,0,One leaf split between two wells,,,,,
New York,20,18,,,,16.5121922,9125.90137,0,NA,NA,missing,,,,,
New York,20,19,,,,16.5121922,9125.90137,0,1,0,One leaf split between two wells,,,,,
New York,20,20,,,,16.5121922,9125.90137,0,NA,NA,missing,,,,,
New York,21,1,,,,15.78567272,11208.41602,1,1,1,,,,,,
New York,21,2,,,,15.78567272,11208.41602,0,NA,NA,e,,,,,
New York,21,3,,,,15.78567272,11208.41602,0,NA,NA,e,,,,,
New York,21,4,,,,15.78567272,11208.41602,0,NA,NA,e,,,,,
New York,21,5,,,,15.78567272,11208.41602,1,1,1,,,,,,
New York,21,6,,,,15.78567272,11208.41602,0,0,1,One leaf split between two wells,,,,,
New York,21,7,,,,15.78567272,11208.41602,0,0,0,One leaf split between two wells,,,,,
New York,21,8,,,,15.78567272,11208.41602,0,NA,NA,e,,,,,
New York,21,9,,,,15.78567272,11208.41602,1,1,1,,,,,,
New York,21,10,,,,15.78567272,11208.41602,0,NA,NA,e,,,,,
New York,21,11,,,,15.78567272,11208.41602,0,NA,NA,e,,,,,
New York,21,12,,,,15.78567272,11208.41602,0,0,1,One leaf split between two wells,,,,,
New York,21,13,,,,15.78567272,11208.41602,0,1,0,One leaf split between two wells,,,,,
New York,21,14,,,,15.78567272,11208.41602,0,NA,NA,e,,,,,
New York,21,15,,,,15.78567272,11208.41602,0,0,1,One leaf split between two wells,,,,,
New York,21,16,,,,15.78567272,11208.41602,0,1,0,,,,,,
New York,21,17,,,,15.78567272,11208.41602,0,NA,NA,e,,,,,
New York,21,18,,,,15.78567272,11208.41602,0,0,0,One leaf split between two wells,,,,,
New York,21,19,,,,15.78567272,11208.41602,0,1,0,One leaf split between two wells,,,,,
New York,21,20,,,,15.78567272,11208.41602,1,1,1,,,,,,
New York,22,1,,,,14.50669175,8990.44336,0,NA,NA,missing,,,,,
New York,22,2,,,,14.50669175,8990.44336,0,NA,NA,missing,,,,,
New York,22,3,,,,14.50669175,8990.44336,0,NA,NA,e,,,,,
New York,22,4,,,,14.50669175,8990.44336,0,NA,NA,missing,,,,,
New York,22,5,,,,14.50669175,8990.44336,1,1,1,,,,,,
New York,22,6,,,,14.50669175,8990.44336,1,1,1,,,,,,
New York,22,7,,,,14.50669175,8990.44336,0,NA,NA,missing,,,,,
New York,22,8,,,,14.50669175,8990.44336,0,0,0,One leaf split between two wells,,,,,
New York,22,9,,,,14.50669175,8990.44336,0,NA,NA,missing,,,,,
New York,22,10,,,,14.50669175,8990.44336,0,NA,NA,missing,,,,,
New York,22,11,,,,14.50669175,8990.44336,1,1,1,,,,,,
New York,22,12,,,,14.50669175,8990.44336,0,NA,NA,missing,,,,,
New York,22,13,,,,14.50669175,8990.44336,0,NA,NA,e,,,,,
New York,22,14,,,,14.50669175,8990.44336,0,NA,NA,missing,,,,,
New York,22,15,,,,14.50669175,8990.44336,0,1,1,,,,,,
New York,22,16,,,,14.50669175,8990.44336,0,NA,NA,missing,,,,,
New York,22,17,,,,14.50669175,8990.44336,0,NA,NA,missing,,,,,
New York,22,18,,,,14.50669175,8990.44336,0,0,0,One leaf split between two wells,,,,,
New York,22,19,,,,14.50669175,8990.44336,0,NA,NA,missing,,,,,
New York,22,20,,,,14.50669175,8990.44336,0,NA,NA,missing,,,,,
New York,23,1,,,,13.60713303,20368.11719,0,0,0,One leaf split between two wells,,,,,
New York,23,2,,,,13.60713303,20368.11719,0,0,0,One leaf split between two wells,,,,,
New York,23,3,,,,13.60713303,20368.11719,0,0,0,One leaf split between two wells,,,,,
New York,23,4,,,,13.60713303,20368.11719,0,1,0,One leaf split between two wells,,,,,
New York,23,5,,,,13.60713303,20368.11719,0,0,0,One leaf split between two wells,,,,,
New York,23,6,,,,13.60713303,20368.11719,0,0,0,One leaf split between two wells,,,,,
New York,23,7,,,,13.60713303,20368.11719,0,NA,NA,e,,,,,
New York,23,8,,,,13.60713303,20368.11719,0,0,0,One leaf split between two wells,,,,,
New York,23,9,,,,13.60713303,20368.11719,0,1,0,One leaf split between two wells,,,,,
New York,23,10,,,,13.60713303,20368.11719,0,1,0,One leaf split between two wells,,,,,
New York,23,11,,,,13.60713303,20368.11719,0,NA,NA,e,,,,,
New York,23,12,,,,13.60713303,20368.11719,0,0,1,One leaf split between two wells,,,,,
New York,23,13,,,,13.60713303,20368.11719,0,0,0,One leaf split between two wells,,,,,
New York,23,14,,,,13.60713303,20368.11719,0,NA,NA,e,,,,,
New York,23,15,,,,13.60713303,20368.11719,0,NA,NA,e,,,,,
New York,23,16,,,,13.60713303,20368.11719,0,1,1,,,,,,
New York,23,17,,,,13.60713303,20368.11719,0,0,0,One leaf split between two wells,,,,,
New York,23,18,,,,13.60713303,20368.11719,0,NA,NA,e,,,,,
New York,23,19,,,,13.60713303,20368.11719,0,1,0,One leaf split between two wells,,,,,
New York,23,20,,,,13.60713303,20368.11719,0,0,0,One leaf split between two wells,,,,,
New York,24,1,,,,12.87753884,20368.11719,0,NA,NA,missing,,,,,
New York,24,2,,,,12.87753884,20368.11719,0,NA,NA,missing,,,,,
New York,24,3,,,,12.87753884,20368.11719,0,1,0,One leaf split between two wells,,,,,
New York,24,4,,,,12.87753884,20368.11719,0,NA,NA,missing,,,,,
New York,24,5,,,,12.87753884,20368.11719,0,NA,NA,missing,,,,,
New York,24,6,,,,12.87753884,20368.11719,0,1,0,One leaf split between two wells,,,,,
New York,24,7,,,,12.87753884,20368.11719,1,1,1,,,,,,
New York,24,8,,,,12.87753884,20368.11719,1,1,1,,,,,,
New York,24,9,,,,12.87753884,20368.11719,0,1,0,One leaf split between two wells,,,,,
New York,24,10,,,,12.87753884,20368.11719,0,NA,NA,missing,,,,,
New York,24,11,,,,12.87753884,20368.11719,0,NA,NA,missing,,,,,
New York,24,12,,,,12.87753884,20368.11719,0,NA,NA,missing,,,,,
New York,24,13,,,,12.87753884,20368.11719,0,NA,NA,missing,,,,,
New York,24,14,,,,12.87753884,20368.11719,1,1,1,,,,,,
New York,24,15,,,,12.87753884,20368.11719,0,NA,NA,missing,,,,,
New York,24,16,,,,12.87753884,20368.11719,0,1,0,One leaf split between two wells,,,,,
New York,24,17,,,,12.87753884,20368.11719,0,NA,NA,missing,,,,,
New York,24,18,,,,12.87753884,20368.11719,0,NA,NA,missing,,,,,
New York,24,19,,,,12.87753884,20368.11719,1,1,1,,,,,,
New York,24,20,,,,12.87753884,20368.11719,1,1,1,,,,,,
New York,25,1,,,,11.11368315,20348.01172,0,0,0,,,,,,
New York,25,2,,,,11.11368315,20348.01172,1,1,1,,,,,,
New York,25,3,,,,11.11368315,20348.01172,0,NA,NA,e,,,,,
New York,25,4,,,,11.11368315,20348.01172,1,1,1,,,,,,
New York,25,5,,,,11.11368315,20348.01172,0,NA,NA,e,,,,,
New York,25,6,,,,11.11368315,20348.01172,0,1,0,,,,,,
New York,25,7,,,,11.11368315,20348.01172,0,NA,NA,e,,,,,
New York,25,8,,,,11.11368315,20348.01172,0,1,0,One leaf split between two wells,,,,,
New York,25,9,,,,11.11368315,20348.01172,0,0,1,One leaf split between two wells,,,,,
New York,25,10,,,,11.11368315,20348.01172,0,NA,NA,e,,,,,
New York,25,11,,,,11.11368315,20348.01172,0,NA,NA,e,,,,,
New York,25,12,,,,11.11368315,20348.01172,0,0,0,One leaf split between two wells,,,,,
New York,25,13,,,,11.11368315,20348.01172,0,NA,NA,e,,,,,
New York,25,14,,,,11.11368315,20348.01172,1,1,1,,,,,,
New York,25,15,,,,11.11368315,20348.01172,1,1,1,,,,,,
New York,25,16,,,,11.11368315,20348.01172,0,NA,NA,e,,,,,
New York,25,17,,,,11.11368315,20348.01172,0,0,0,One leaf split between two wells,,,,,
New York,25,18,,,,11.11368315,20348.01172,0,NA,NA,e,,,,,
New York,25,19,,,,11.11368315,20348.01172,0,0,0,,,,,,
New York,25,20,,,,11.11368315,20348.01172,0,0,0,One leaf split between two wells,,,,,
New York,26,1,,,,9.689689952,35920.03906,0,NA,NA,missing,,,,,
New York,26,2,,,,9.689689952,35920.03906,0,0,0,One leaf split between two wells,,,,,
New York,26,3,,,,9.689689952,35920.03906,0,NA,NA,missing,,,,,
New York,26,4,,,,9.689689952,35920.03906,0,NA,NA,missing,,,,,
New York,26,5,,,,9.689689952,35920.03906,0,NA,NA,missing,,,,,
New York,26,6,,,,9.689689952,35920.03906,0,NA,NA,missing,,,,,
New York,26,7,,,,9.689689952,35920.03906,1,1,1,,,,,,
New York,26,8,,,,9.689689952,35920.03906,1,1,1,,,,,,
New York,26,9,,,,9.689689952,35920.03906,0,0,0,,,,,,
New York,26,10,,,,9.689689952,35920.03906,0,NA,NA,missing,,,,,
New York,26,11,,,,9.689689952,35920.03906,0,NA,NA,missing,,,,,
New York,26,12,,,,9.689689952,35920.03906,0,NA,NA,missing,,,,,
New York,26,13,,,,9.689689952,35920.03906,1,1,1,,,,,,
New York,26,14,,,,9.689689952,35920.03906,1,1,1,,,,,,
New York,26,15,,,,9.689689952,35920.03906,0,NA,NA,e,,,,,
New York,26,16,,,,9.689689952,35920.03906,0,NA,NA,missing,,,,,
New York,26,17,,,,9.689689952,35920.03906,0,NA,NA,missing,,,,,
New York,26,18,,,,9.689689952,35920.03906,1,1,1,,,,,,
New York,26,19,,,,9.689689952,35920.03906,0,1,0,,,,,,
New York,26,20,,,,9.689689952,35920.03906,0,NA,NA,missing,,,,,
New York,27,1,,,,8.046396527,47283.09375,0,NA,NA,e,,,,,
New York,27,2,,,,8.046396527,47283.09375,0,0,0,One leaf split between two wells,,,,,
New York,27,3,,,,8.046396527,47283.09375,0,0,0,One leaf split between two wells,,,,,
New York,27,4,,,,8.046396527,47283.09375,0,0,1,One leaf split between two wells,,,,,
New York,27,5,,,,8.046396527,47283.09375,0,1,0,One leaf split between two wells,,,,,
New York,27,6,,,,8.046396527,47283.09375,0,0,0,One leaf split between two wells,,,,,
New York,27,7,,,,8.046396527,47283.09375,0,0,0,One leaf split between two wells,,,,,
New York,27,8,,,,8.046396527,47283.09375,0,1,0,One leaf split between two wells,,,,,
New York,27,9,,,,8.046396527,47283.09375,1,1,1,,,,,,
New York,27,10,,,,8.046396527,47283.09375,0,0,0,One leaf split between two wells,,,,,
New York,27,11,,,,8.046396527,47283.09375,0,0,0,,,,,,
New York,27,12,,,,8.046396527,47283.09375,0,NA,NA,e,,,,,
New York,27,13,,,,8.046396527,47283.09375,0,0,0,One leaf split between two wells,,,,,
New York,27,14,,,,8.046396527,47283.09375,0,NA,NA,e,,,,,
New York,27,15,,,,8.046396527,47283.09375,0,0,0,One leaf split between two wells,,,,,
New York,27,16,,,,8.046396527,47283.09375,0,1,0,One leaf split between two wells,,,,,
New York,27,17,,,,8.046396527,47283.09375,0,0,0,One leaf split between two wells,,,,,
New York,27,18,,,,8.046396527,47283.09375,1,1,1,,,,,,
New York,27,19,,,,8.046396527,47283.09375,0,1,0,One leaf split between two wells,,,,,
New York,27,20,,,,8.046396527,47283.09375,0,1,0,,,,,,
New York,28,1,,,,7.134984559,24026.84766,0,NA,NA,missing,,,,,
New York,28,2,,,,7.134984559,24026.84766,1,1,1,,,,,,
New York,28,3,,,,7.134984559,24026.84766,0,1,1,,,,,,
New York,28,4,,,,7.134984559,24026.84766,0,NA,NA,missing,,,,,
New York,28,5,,,,7.134984559,24026.84766,0,NA,NA,missing,,,,,
New York,28,6,,,,7.134984559,24026.84766,0,0,0,One leaf split between two wells,,,,,
New York,28,7,,,,7.134984559,24026.84766,1,1,1,,,,,,
New York,28,8,,,,7.134984559,24026.84766,0,NA,NA,missing,,,,,
New York,28,9,,,,7.134984559,24026.84766,0,1,0,One leaf split between two wells,,,,,
New York,28,10,,,,7.134984559,24026.84766,0,NA,NA,missing,,,,,
New York,28,11,,,,7.134984559,24026.84766,0,NA,NA,missing,,,,,
New York,28,12,,,,7.134984559,24026.84766,1,1,1,,,,,,
New York,28,13,,,,7.134984559,24026.84766,0,1,0,,,,,,
New York,28,14,,,,7.134984559,24026.84766,0,NA,NA,missing,,,,,
New York,28,15,,,,7.134984559,24026.84766,0,NA,NA,missing,,,,,
New York,28,16,,,,7.134984559,24026.84766,0,NA,NA,missing,,,,,
New York,28,17,,,,7.134984559,24026.84766,0,1,1,One leaf split between two wells,,,,,
New York,28,18,,,,7.134984559,24026.84766,0,NA,NA,missing,,,,,
New York,28,19,,,,7.134984559,24026.84766,0,NA,NA,missing,,,,,
New York,28,20,,,,7.134984559,24026.84766,0,NA,NA,missing,,,,,
New York,29,1,,,,5.543224514,39733.70313,0,1,0,One leaf split between two wells,,,,,
New York,29,2,,,,5.543224514,39733.70313,0,1,0,,,,,,
New York,29,3,,,,5.543224514,39733.70313,0,1,0,One leaf split between two wells,,,,,
New York,29,4,,,,5.543224514,39733.70313,0,0,0,One leaf split between two wells,,,,,
New York,29,5,,,,5.543224514,39733.70313,0,1,0,One leaf split between two wells,,,,,
New York,29,6,,,,5.543224514,39733.70313,0,1,0,One leaf split between two wells,,,,,
New York,29,7,,,,5.543224514,39733.70313,0,0,1,One leaf split between two wells,,,,,
New York,29,8,,,,5.543224514,39733.70313,0,NA,NA,e,,,,,
New York,29,9,,,,5.543224514,39733.70313,0,0,1,One leaf split between two wells,,,,,
New York,29,10,,,,5.543224514,39733.70313,0,0,1,One leaf split between two wells,,,,,
New York,29,11,,,,5.543224514,39733.70313,0,1,0,One leaf split between two wells,,,,,
New York,29,12,,,,5.543224514,39733.70313,0,1,0,One leaf split between two wells,,,,,
New York,29,13,,,,5.543224514,39733.70313,0,1,0,One leaf split between two wells,,,,,
New York,29,14,,,,5.543224514,39733.70313,0,1,1,One leaf split between two wells,,,,,
New York,29,15,,,,5.543224514,39733.70313,0,1,0,One leaf split between two wells,,,,,
New York,29,16,,,,5.543224514,39733.70313,0,1,0,One leaf split between two wells,,,,,
New York,29,17,,,,5.543224514,39733.70313,0,0,0,One leaf split between two wells,,,,,
New York,29,18,,,,5.543224514,39733.70313,0,0,0,One leaf split between two wells,,,,,
New York,29,19,,,,5.543224514,39733.70313,0,1,0,One leaf split between two wells,,,,,
New York,29,20,,,,5.543224514,39733.70313,0,1,0,One leaf split between two wells,,,,,
New York,30,1,,,,5.001918414,35513.61719,0,1,0,One leaf split between two wells,,,,,
New York,30,2,,,,5.001918414,35513.61719,0,NA,NA,e,,,,,
New York,30,3,,,,5.001918414,35513.61719,1,1,1,,,,,,
New York,30,4,,,,5.001918414,35513.61719,0,1,0,One leaf split between two wells,,,,,
New York,30,5,,,,5.001918414,35513.61719,0,0,1,One leaf split between two wells,,,,,
New York,30,6,,,,5.001918414,35513.61719,0,0,0,One leaf split between two wells,,,,,
New York,30,7,,,,5.001918414,35513.61719,0,0,1,One leaf split between two wells,,,,,
New York,30,8,,,,5.001918414,35513.61719,0,0,0,One leaf split between two wells,,,,,
New York,30,9,,,,5.001918414,35513.61719,0,NA,NA,e,,,,,
New York,30,10,,,,5.001918414,35513.61719,0,1,0,One leaf split between two wells,,,,,
New York,30,11,,,,5.001918414,35513.61719,0,0,0,One leaf split between two wells,,,,,
New York,30,12,,,,5.001918414,35513.61719,0,0,1,One leaf split between two wells,,,,,
New York,30,13,,,,5.001918414,35513.61719,0,0,0,One leaf split between two wells,,,,,
New York,30,14,,,,5.001918414,35513.61719,0,1,0,One leaf split between two wells,,,,,
New York,30,15,,,,5.001918414,35513.61719,0,0,0,One leaf split between two wells,,,,,
New York,30,16,,,,5.001918414,35513.61719,0,NA,NA,e,,,,,
New York,30,17,,,,5.001918414,35513.61719,1,1,1,,,,,,
New York,30,18,,,,5.001918414,35513.61719,0,0,1,,,,,,
New York,30,19,,,,5.001918414,35513.61719,0,1,0,One leaf split between two wells,,,,,
New York,30,20,,,,5.001918414,35513.61719,0,0,0,One leaf split between two wells,,,,,
New York,31,1,,,,4.154906105,5814.94727,0,NA,NA,missing,,,,,
New York,31,2,,,,4.154906105,5814.94727,0,NA,NA,missing,,,,,
New York,31,3,,,,4.154906105,5814.94727,0,0,1,,,,,,
New York,31,4,,,,4.154906105,5814.94727,0,NA,NA,missing,,,,,
New York,31,5,,,,4.154906105,5814.94727,1,1,1,,,,,,
New York,31,6,,,,4.154906105,5814.94727,0,NA,NA,missing,,,,,
New York,31,7,,,,4.154906105,5814.94727,0,NA,NA,e,,,,,
New York,31,8,,,,4.154906105,5814.94727,0,NA,NA,missing,,,,,
New York,31,9,,,,4.154906105,5814.94727,0,NA,NA,missing,,,,,
New York,31,10,,,,4.154906105,5814.94727,0,NA,NA,missing,,,,,
New York,31,11,,,,4.154906105,5814.94727,0,1,0,One leaf split between two wells,,,,,
New York,31,12,,,,4.154906105,5814.94727,0,NA,NA,missing,,,,,
New York,31,13,,,,4.154906105,5814.94727,0,NA,NA,missing,,,,,
New York,31,14,,,,4.154906105,5814.94727,0,0,1,One leaf split between two wells,,,,,
New York,31,15,,,,4.154906105,5814.94727,0,NA,NA,e,,,,,
New York,31,16,,,,4.154906105,5814.94727,0,NA,NA,missing,,,,,
New York,31,17,,,,4.154906105,5814.94727,0,NA,NA,missing,,,,,
New York,31,18,,,,4.154906105,5814.94727,0,NA,NA,missing,,,,,
New York,31,19,,,,4.154906105,5814.94727,0,NA,NA,missing,,,,,
New York,31,20,,,,4.154906105,5814.94727,0,NA,NA,missing,,,,,
New York,32,1,,,,3.757664583,27270.1875,0,0,0,One leaf split between two wells,,,,,
New York,32,2,,,,3.757664583,27270.1875,0,0,0,One leaf split between two wells,,,,,
New York,32,3,,,,3.757664583,27270.1875,0,1,0,One leaf split between two wells,,,,,
New York,32,4,,,,3.757664583,27270.1875,1,1,1,,,,,,
New York,32,5,,,,3.757664583,27270.1875,1,1,1,,,,,,
New York,32,6,,,,3.757664583,27270.1875,1,1,1,,,,,,
New York,32,7,,,,3.757664583,27270.1875,0,1,0,One leaf split between two wells,,,,,
New York,32,8,,,,3.757664583,27270.1875,0,1,0,One leaf split between two wells,,,,,
New York,32,9,,,,3.757664583,27270.1875,1,1,1,,,,,,
New York,32,10,,,,3.757664583,27270.1875,0,NA,NA,e,,,,,
New York,32,11,,,,3.757664583,27270.1875,0,NA,NA,e,,,,,
New York,32,12,,,,3.757664583,27270.1875,0,NA,NA,e,,,,,
New York,32,13,,,,3.757664583,27270.1875,0,0,0,One leaf split between two wells,,,,,
New York,32,14,,,,3.757664583,27270.1875,0,0,1,One leaf split between two wells,,,,,
New York,33,1,,,,2.899723954,27270.1875,0,NA,NA,e,,,,,
New York,33,2,,,,2.899723954,27270.1875,0,NA,NA,missing,,,,,
New York,33,3,,,,2.899723954,27270.1875,0,NA,NA,missing,,,,,
New York,33,4,,,,2.899723954,27270.1875,0,NA,NA,e,,,,,
New York,33,5,,,,2.899723954,27270.1875,0,NA,NA,missing,,,,,
New York,33,6,,,,2.899723954,27270.1875,0,NA,NA,missing,,,,,
New York,33,7,,,,2.899723954,27270.1875,0,NA,NA,missing,,,,,
New York,33,8,,,,2.899723954,27270.1875,0,0,1,One leaf split between two wells,,,,,
New York,33,9,,,,2.899723954,27270.1875,1,1,1,,,,,,
New York,33,10,,,,2.899723954,27270.1875,1,1,1,,,,,,
New York,33,11,,,,2.899723954,27270.1875,0,0,0,One leaf split between two wells,,,,,
New York,33,12,,,,2.899723954,27270.1875,1,1,1,,,,,,
New York,33,13,,,,2.899723954,27270.1875,0,NA,NA,missing,,,,,
New York,33,14,,,,2.899723954,27270.1875,0,NA,NA,missing,,,,,
New York,33,15,,,,2.899723954,27270.1875,0,NA,NA,missing,,,,,
New York,33,16,,,,2.899723954,27270.1875,0,NA,NA,missing,,,,,
New York,33,17,,,,2.899723954,27270.1875,0,NA,NA,missing,,,,,
New York,33,18,,,,2.899723954,27270.1875,1,1,1,,,,,,
New York,33,19,,,,2.899723954,27270.1875,0,NA,NA,missing,,,,,
New York,33,20,,,,2.899723954,27270.1875,0,NA,NA,missing,,,,,
New York,34,1,,,,2.024924821,26306.30469,0,1,0,One leaf split between two wells,,,,,
New York,34,2,,,,2.024924821,26306.30469,0,NA,NA,e,,,,,
New York,34,3,,,,2.024924821,26306.30469,0,0,0,One leaf split between two wells,,,,,
New York,34,4,,,,2.024924821,26306.30469,0,0,0,One leaf split between two wells,,,,,
New York,34,5,,,,2.024924821,26306.30469,0,NA,NA,e,,,,,
New York,34,6,,,,2.024924821,26306.30469,0,1,0,One leaf split between two wells,,,,,
New York,34,7,,,,2.024924821,26306.30469,0,1,0,One leaf split between two wells,,,,,
New York,34,8,,,,2.024924821,26306.30469,0,1,0,,,,,,
New York,34,9,,,,2.024924821,26306.30469,0,NA,NA,e,,,,,
New York,34,10,,,,2.024924821,26306.30469,0,0,0,One leaf split between two wells,,,,,
New York,34,11,,,,2.024924821,26306.30469,0,0,1,One leaf split between two wells,,,,,
New York,34,12,,,,2.024924821,26306.30469,0,1,0,One leaf split between two wells,,,,,
New York,34,13,,,,2.024924821,26306.30469,0,NA,NA,e,,,,,
New York,34,14,,,,2.024924821,26306.30469,0,0,0,One leaf split between two wells,,,,,
New York,34,15,,,,2.024924821,26306.30469,0,1,0,One leaf split between two wells,,,,,
New York,34,16,,,,2.024924821,26306.30469,0,1,0,One leaf split between two wells,,,,,
New York,34,17,,,,2.024924821,26306.30469,0,1,0,One leaf split between two wells,,,,,
New York,34,18,,,,2.024924821,26306.30469,0,1,0,One leaf split between two wells,,,,,
New York,34,19,,,,2.024924821,26306.30469,0,1,0,,,,,,
New York,34,20,,,,2.024924821,26306.30469,0,NA,NA,e,,,,,
New York,35,1,,,,1.148421667,39988.96484,0,NA,NA,missing,,,,,
New York,35,2,,,,1.148421667,39988.96484,0,NA,NA,missing,,,,,
New York,35,3,,,,1.148421667,39988.96484,0,NA,NA,missing,,,,,
New York,35,4,,,,1.148421667,39988.96484,0,0,0,One leaf split between two wells,,,,,
New York,35,5,,,,1.148421667,39988.96484,0,NA,NA,missing,,,,,
New York,35,6,,,,1.148421667,39988.96484,0,NA,NA,missing,,,,,
New York,35,7,,,,1.148421667,39988.96484,0,NA,NA,missing,,,,,
New York,35,8,,,,1.148421667,39988.96484,0,NA,NA,missing,,,,,
New York,35,9,,,,1.148421667,39988.96484,0,NA,NA,missing,,,,,
New York,35,10,,,,1.148421667,39988.96484,0,NA,NA,missing,,,,,
New York,35,11,,,,1.148421667,39988.96484,1,1,1,,,,,,
New York,35,12,,,,1.148421667,39988.96484,1,1,1,,,,,,
New York,35,13,,,,1.148421667,39988.96484,1,1,1,,,,,,
New York,35,14,,,,1.148421667,39988.96484,1,1,1,,,,,,
New York,35,15,,,,1.148421667,39988.96484,0,NA,NA,missing,,,,,
New York,35,16,,,,1.148421667,39988.96484,0,NA,NA,e,,,,,
New York,35,17,,,,1.148421667,39988.96484,0,NA,NA,missing,,,,,
New York,35,18,,,,1.148421667,39988.96484,1,1,1,,,,,,
New York,35,19,,,,1.148421667,39988.96484,0,NA,NA,missing,,,,,
New York,35,20,,,,1.148421667,39988.96484,0,NA,NA,e,,,,,
New York,36,1,,,,1.660879593,4531.64697,0,NA,NA,missing,,,,,
New York,36,2,,,,1.660879593,4531.64697,1,1,1,,,,,,
New York,36,3,,,,1.660879593,4531.64697,0,NA,NA,missing,,,,,
New York,36,4,,,,1.660879593,4531.64697,1,1,1,,,,,,
New York,36,5,,,,1.660879593,4531.64697,0,0,0,One leaf split between two wells,,,,,
New York,36,6,,,,1.660879593,4531.64697,0,NA,NA,missing,,,,,
New York,36,7,,,,1.660879593,4531.64697,0,NA,NA,e,,,,,
New York,36,8,,,,1.660879593,4531.64697,0,NA,NA,missing,,,,,
New York,36,9,,,,1.660879593,4531.64697,0,NA,NA,missing,,,,,
New York,36,10,,,,1.660879593,4531.64697,1,1,1,,,,,,
New York,36,11,,,,1.660879593,4531.64697,1,1,1,,,,,,
New York,36,12,,,,1.660879593,4531.64697,0,NA,NA,missing,,,,,
New York,36,13,,,,1.660879593,4531.64697,0,NA,NA,missing,,,,,
New York,36,14,,,,1.660879593,4531.64697,0,NA,NA,missing,,,,,
New York,36,15,,,,1.660879593,4531.64697,0,NA,NA,e,,,,,
New York,36,16,,,,1.660879593,4531.64697,0,NA,NA,missing,,,,,
New York,36,17,,,,1.660879593,4531.64697,0,NA,NA,missing,,,,,
New York,36,18,,,,1.660879593,4531.64697,0,NA,NA,missing,,,,,
New York,36,19,,,,1.660879593,4531.64697,0,NA,NA,e,,,,,
New York,36,20,,,,1.660879593,4531.64697,0,NA,NA,missing,,,,,
New York,37,1,,,,40.52230278,188.83461,0,1,1,One leaf split between two wells,,,,,
New York,37,2,,,,40.52230278,188.83461,1,1,1,,,,,,
New York,37,3,,,,40.52230278,188.83461,0,NA,NA,e,,,,,
New York,37,4,,,,40.52230278,188.83461,0,NA,NA,e,,,,,
New York,37,5,,,,40.52230278,188.83461,0,1,1,One leaf split between two wells,,,,,
New York,37,6,,,,40.52230278,188.83461,0,0,1,One leaf split between two wells,,,,,
New York,37,7,,,,40.52230278,188.83461,0,0,0,One leaf split between two wells,,,,,
New York,37,8,,,,40.52230278,188.83461,1,1,1,,,,,,
New York,37,9,,,,40.52230278,188.83461,0,NA,NA,e,,,,,
New York,37,10,,,,40.52230278,188.83461,0,0,0,One leaf split between two wells,,,,,
New York,37,11,,,,40.52230278,188.83461,1,1,1,,,,,,
New York,37,12,,,,40.52230278,188.83461,1,1,1,,,,,,
New York,37,13,,,,40.52230278,188.83461,0,1,0,One leaf split between two wells,,,,,
New York,37,14,,,,40.52230278,188.83461,0,0,1,One leaf split between two wells,,,,,
New York,37,15,,,,40.52230278,188.83461,1,1,1,,,,,,
New York,37,16,,,,40.52230278,188.83461,0,NA,NA,e,,,,,
New York,37,17,,,,40.52230278,188.83461,0,NA,NA,e,,,,,
New York,37,18,,,,40.52230278,188.83461,0,NA,NA,e,,,,,
New York,37,19,,,,40.52230278,188.83461,1,1,1,,,,,,
New York,37,20,,,,40.52230278,188.83461,0,NA,NA,e,,,,,
New York,38,1,,,,39.97810705,558.36609,0,1,0,,,,,,
New York,38,2,,,,39.97810705,558.36609,0,0,1,One leaf split between two wells,,,,,
New York,38,3,,,,39.97810705,558.36609,0,NA,NA,e,,,,,
New York,38,4,,,,39.97810705,558.36609,0,0,0,One leaf split between two wells,,,,,
New York,38,5,,,,39.97810705,558.36609,0,0,1,One leaf split between two wells,,,,,
New York,38,6,,,,39.97810705,558.36609,0,NA,NA,e,,,,,
New York,38,7,,,,39.97810705,558.36609,0,NA,NA,e,,,,,
New York,38,8,,,,39.97810705,558.36609,0,NA,NA,e,,,,,
New York,38,9,,,,39.97810705,558.36609,0,0,0,One leaf split between two wells,,,,,
New York,38,10,,,,39.97810705,558.36609,0,NA,NA,e,,,,,
New York,38,11,,,,39.97810705,558.36609,0,1,0,One leaf split between two wells,,,,,
New York,38,12,,,,39.97810705,558.36609,0,NA,NA,e,,,,,
New York,38,13,,,,39.97810705,558.36609,0,NA,NA,e,,,,,
New York,38,14,,,,39.97810705,558.36609,0,NA,NA,e,,,,,
New York,38,15,,,,39.97810705,558.36609,0,NA,NA,e,,,,,
New York,38,16,,,,39.97810705,558.36609,0,0,0,One leaf split between two wells,,,,,
New York,38,17,,,,39.97810705,558.36609,0,NA,NA,e,,,,,
New York,38,18,,,,39.97810705,558.36609,0,NA,NA,e,,,,,
New York,38,19,,,,39.97810705,558.36609,0,0,0,One leaf split between two wells,,,,,
New York,38,20,,,,39.97810705,558.36609,0,NA,NA,e,,,,,
New York,39,1,,,,39.31914775,349.80713,0,0,0,One leaf split between two wells,,,,,
New York,39,2,,,,39.31914775,349.80713,0,0,0,One leaf split between two wells,,,,,
New York,39,3,,,,39.31914775,349.80713,0,1,0,One leaf split between two wells,,,,,
New York,39,4,,,,39.31914775,349.80713,1,1,1,,,,,,
New York,39,5,,,,39.31914775,349.80713,1,1,1,,,,,,
New York,39,6,,,,39.31914775,349.80713,0,1,0,One leaf split between two wells,,,,,
New York,39,7,,,,39.31914775,349.80713,0,NA,NA,e,,,,,
New York,39,8,,,,39.31914775,349.80713,0,1,0,One leaf split between two wells,,,,,
New York,39,9,,,,39.31914775,349.80713,0,1,1,One leaf split between two wells,,,,,
New York,39,10,,,,39.31914775,349.80713,0,NA,NA,e,,,,,
New York,39,11,,,,39.31914775,349.80713,1,1,1,,,,,,
New York,39,12,,,,39.31914775,349.80713,0,NA,NA,e,,,,,
New York,39,13,,,,39.31914775,349.80713,0,NA,NA,e,,,,,
New York,39,14,,,,39.31914775,349.80713,0,0,0,One leaf split between two wells,,,,,
New York,39,15,,,,39.31914775,349.80713,0,0,1,One leaf split between two wells,,,,,
New York,39,16,,,,39.31914775,349.80713,0,0,0,One leaf split between two wells,,,,,
New York,39,17,,,,39.31914775,349.80713,1,1,1,,,,,,
New York,39,18,,,,39.31914775,349.80713,1,1,1,,,,,,
New York,39,19,,,,39.31914775,349.80713,0,NA,NA,e,,,,,
New York,39,20,,,,39.31914775,349.80713,0,0,1,One leaf split between two wells,,,,,
New York,40,1,,,,38.20558838,181.65167,0,NA,NA,missing,,,,,
New York,40,2,,,,38.20558838,181.65167,0,NA,NA,missing,,,,,
New York,40,3,,,,38.20558838,181.65167,0,NA,NA,missing,,,,,
New York,40,4,,,,38.20558838,181.65167,1,1,1,,,,,,
New York,40,5,,,,38.20558838,181.65167,1,1,1,,,,,,
New York,40,6,,,,38.20558838,181.65167,1,1,1,,,,,,
New York,40,7,,,,38.20558838,181.65167,1,1,1,,,,,,
New York,40,8,,,,38.20558838,181.65167,1,1,1,,,,,,
New York,40,9,,,,38.20558838,181.65167,0,NA,NA,missing,,,,,
New York,40,10,,,,38.20558838,181.65167,0,NA,NA,missing,,,,,
New York,40,11,,,,38.20558838,181.65167,0,0,0,One leaf split between two wells,,,,,
New York,40,12,,,,38.20558838,181.65167,1,1,1,,,,,,
New York,40,13,,,,38.20558838,181.65167,0,NA,NA,missing,,,,,
New York,40,14,,,,38.20558838,181.65167,0,0,1,One leaf split between two wells,,,,,
New York,40,15,,,,38.20558838,181.65167,0,NA,NA,missing,,,,,
New York,40,16,,,,38.20558838,181.65167,0,NA,NA,missing,,,,,
New York,40,17,,,,38.20558838,181.65167,0,NA,NA,e,,,,,
New York,40,18,,,,38.20558838,181.65167,0,NA,NA,missing,,,,,
New York,40,19,,,,38.20558838,181.65167,1,1,1,,,,,,
New York,40,20,,,,38.20558838,181.65167,1,1,1,,,,,,
New York,41,1,,,,37.23324546,549.59406,0,0,0,One leaf split between two wells,,,,,
New York,41,2,,,,37.23324546,549.59406,0,0,1,One leaf split between two wells,,,,,
New York,41,3,,,,37.23324546,549.59406,0,NA,NA,e,,,,,
New York,41,4,,,,37.23324546,549.59406,0,1,0,One leaf split between two wells,,,,,
New York,41,5,,,,37.23324546,549.59406,0,1,0,One leaf split between two wells,,,,,
New York,41,6,,,,37.23324546,549.59406,0,1,0,One leaf split between two wells,,,,,
New York,41,7,,,,37.23324546,549.59406,0,NA,NA,e,,,,,
New York,41,8,,,,37.23324546,549.59406,0,0,1,One leaf split between two wells,,,,,
New York,41,9,,,,37.23324546,549.59406,0,0,1,One leaf split between two wells,,,,,
New York,41,10,,,,37.23324546,549.59406,1,1,1,,,,,,
New York,41,11,,,,37.23324546,549.59406,0,NA,NA,e,,,,,
New York,41,12,,,,37.23324546,549.59406,0,0,1,One leaf split between two wells,,,,,
New York,41,13,,,,37.23324546,549.59406,0,1,1,One leaf split between two wells,,,,,
New York,41,14,,,,37.23324546,549.59406,0,0,0,One leaf split between two wells,,,,,
New York,41,15,,,,37.23324546,549.59406,0,1,0,One leaf split between two wells,,,,,
New York,41,16,,,,37.23324546,549.59406,0,0,1,One leaf split between two wells,,,,,
New York,41,17,,,,37.23324546,549.59406,0,0,1,One leaf split between two wells,,,,,
New York,41,18,,,,37.23324546,549.59406,0,NA,NA,e,,,,,
New York,41,19,,,,37.23324546,549.59406,0,NA,NA,e,,,,,
New York,41,20,,,,37.23324546,549.59406,0,0,1,One leaf split between two wells,,,,,
New York,42,1,,,,36.24895697,1369.58606,0,NA,NA,e,,,,,
New York,42,2,,,,36.24895697,1369.58606,0,0,0,One leaf split between two wells,,,,,
New York,42,3,,,,36.24895697,1369.58606,0,1,0,One leaf split between two wells,,,,,
New York,42,4,,,,36.24895697,1369.58606,1,1,1,,,,,,
New York,42,5,,,,36.24895697,1369.58606,0,1,0,One leaf split between two wells,,,,,
New York,42,6,,,,36.24895697,1369.58606,0,NA,NA,e,,,,,
New York,42,7,,,,36.24895697,1369.58606,0,1,1,One leaf split between two wells,,,,,
New York,42,8,,,,36.24895697,1369.58606,1,1,1,,,,,,
New York,42,9,,,,36.24895697,1369.58606,0,NA,NA,e,,,,,
New York,42,10,,,,36.24895697,1369.58606,0,1,0,One leaf split between two wells,,,,,
New York,42,11,,,,36.24895697,1369.58606,0,NA,NA,e,,,,,
New York,42,12,,,,36.24895697,1369.58606,1,1,1,,,,,,
New York,42,13,,,,36.24895697,1369.58606,0,1,0,One leaf split between two wells,,,,,
New York,42,14,,,,36.24895697,1369.58606,0,0,0,One leaf split between two wells,,,,,
New York,42,15,,,,36.24895697,1369.58606,1,1,1,,,,,,
New York,42,16,,,,36.24895697,1369.58606,0,NA,NA,e,,,,,
New York,42,17,,,,36.24895697,1369.58606,0,NA,NA,e,,,,,
New York,42,18,,,,36.24895697,1369.58606,1,1,1,,,,,,
New York,42,19,,,,36.24895697,1369.58606,0,1,0,One leaf split between two wells,,,,,
New York,42,20,,,,36.24895697,1369.58606,1,1,1,,,,,,
New York,43,1,,,,34.82768771,1045.57153,1,1,1,,,,,,
New York,43,2,,,,34.82768771,1045.57153,1,1,1,,,,,,
New York,43,3,,,,34.82768771,1045.57153,0,0,1,One leaf split between two wells,,,,,
New York,43,4,,,,34.82768771,1045.57153,1,1,1,,,,,,
New York,43,5,,,,34.82768771,1045.57153,0,NA,NA,missing,,,,,
New York,43,6,,,,34.82768771,1045.57153,1,1,1,,,,,,
New York,43,7,,,,34.82768771,1045.57153,1,1,1,,,,,,
New York,43,8,,,,34.82768771,1045.57153,0,NA,NA,missing,,,,,
New York,43,9,,,,34.82768771,1045.57153,0,NA,NA,missing,,,,,
New York,43,10,,,,34.82768771,1045.57153,0,NA,NA,missing,,,,,
New York,43,11,,,,34.82768771,1045.57153,0,NA,NA,e,,,,,
New York,43,12,,,,34.82768771,1045.57153,1,1,1,,,,,,
New York,43,13,,,,34.82768771,1045.57153,0,NA,NA,missing,,,,,
New York,43,14,,,,34.82768771,1045.57153,0,NA,NA,missing,,,,,
New York,43,15,,,,34.82768771,1045.57153,0,0,1,One leaf split between two wells,,,,,
New York,43,16,,,,34.82768771,1045.57153,0,NA,NA,missing,,,,,
New York,43,17,,,,34.82768771,1045.57153,0,NA,NA,missing,,,,,
New York,43,18,,,,34.82768771,1045.57153,0,NA,NA,missing,,,,,
New York,43,19,,,,34.82768771,1045.57153,0,0,0,One leaf split between two wells,,,,,
New York,43,20,,,,34.82768771,1045.57153,0,NA,NA,missing,,,,,
New York,44,1,,,,40.36273485,1334.70068,1,1,1,,,,,,
New York,44,2,,,,40.36273485,1334.70068,0,0,0,One leaf split between two wells,,,,,
New York,44,3,,,,40.36273485,1334.70068,0,0,1,One leaf split between two wells,,,,,
New York,44,4,,,,40.36273485,1334.70068,0,NA,NA,e,,,,,
New York,44,5,,,,40.36273485,1334.70068,0,0,1,One leaf split between two wells,,,,,
New York,44,6,,,,40.36273485,1334.70068,1,1,1,,,,,,
New York,44,7,,,,40.36273485,1334.70068,0,0,0,One leaf split between two wells,,,,,
New York,44,8,,,,40.36273485,1334.70068,0,NA,NA,e,,,,,
New York,44,9,,,,40.36273485,1334.70068,0,NA,NA,e,,,,,
New York,44,10,,,,40.36273485,1334.70068,1,1,1,,,,,,
New York,44,11,,,,40.36273485,1334.70068,1,1,1,,,,,,
New York,44,12,,,,40.36273485,1334.70068,0,0,1,One leaf split between two wells,,,,,
New York,44,13,,,,40.36273485,1334.70068,0,1,0,One leaf split between two wells,,,,,
New York,44,14,,,,40.36273485,1334.70068,0,NA,NA,e,,,,,
New York,44,15,,,,40.36273485,1334.70068,1,1,1,,,,,,
New York,44,16,,,,40.36273485,1334.70068,0,NA,NA,e,,,,,
New York,44,17,,,,40.36273485,1334.70068,1,1,1,,,,,,
New York,44,18,,,,40.36273485,1334.70068,0,NA,NA,e,,,,,
New York,44,19,,,,40.36273485,1334.70068,0,NA,NA,e,,,,,
New York,44,20,,,,40.36273485,1334.70068,1,1,1,,,,,,
New York,45,1,,,,41.40515272,1365.23462,1,1,1,,,,,,
New York,45,2,,,,41.40515272,1365.23462,0,NA,NA,e,,,,,
New York,45,3,,,,41.40515272,1365.23462,0,NA,NA,missing,,,,,
New York,45,4,,,,41.40515272,1365.23462,0,NA,NA,missing,,,,,
New York,45,5,,,,41.40515272,1365.23462,0,NA,NA,missing,,,,,
New York,45,6,,,,41.40515272,1365.23462,0,NA,NA,missing,,,,,
New York,45,7,,,,41.40515272,1365.23462,0,NA,NA,e,,,,,
New York,45,8,,,,41.40515272,1365.23462,1,1,1,,,,,,
New York,45,9,,,,41.40515272,1365.23462,0,NA,NA,missing,,,,,
New York,45,10,,,,41.40515272,1365.23462,0,NA,NA,missing,,,,,
New York,45,11,,,,41.40515272,1365.23462,0,NA,NA,missing,,,,,
New York,45,12,,,,41.40515272,1365.23462,0,NA,NA,e,,,,,
New York,45,13,,,,41.40515272,1365.23462,0,NA,NA,e,,,,,
New York,45,14,,,,41.40515272,1365.23462,0,NA,NA,missing,,,,,
New York,45,15,,,,41.40515272,1365.23462,0,NA,NA,e,,,,,
New York,45,16,,,,41.40515272,1365.23462,0,NA,NA,missing,,,,,
New York,45,17,,,,41.40515272,1365.23462,1,1,1,,,,,,
New York,45,18,,,,41.40515272,1365.23462,0,NA,NA,missing,,,,,
New York,45,19,,,,41.40515272,1365.23462,1,1,1,,,,,,
New York,45,20,,,,41.40515272,1365.23462,0,NA,NA,missing,,,,,
New York,46,1,,,,42.34525845,1198.56165,0,0,1,One leaf split between two wells,,,,,
New York,46,2,,,,42.34525845,1198.56165,0,0,1,One leaf split between two wells,,,,,
New York,46,3,,,,42.34525845,1198.56165,0,NA,NA,e,,,,,
New York,46,4,,,,42.34525845,1198.56165,0,NA,NA,e,,,,,
New York,46,5,,,,42.34525845,1198.56165,1,1,1,,,,,,
New York,46,6,,,,42.34525845,1198.56165,0,0,0,One leaf split between two wells,,,,,
New York,46,7,,,,42.34525845,1198.56165,1,1,1,,,,,,
New York,46,8,,,,42.34525845,1198.56165,0,NA,NA,e,,,,,
New York,46,9,,,,42.34525845,1198.56165,0,0,1,One leaf split between two wells,,,,,
New York,46,10,,,,42.34525845,1198.56165,0,1,1,One leaf split between two wells,,,,,
New York,46,11,,,,42.34525845,1198.56165,0,1,0,One leaf split between two wells,,,,,
New York,46,12,,,,42.34525845,1198.56165,1,1,1,,,,,,
New York,46,13,,,,42.34525845,1198.56165,0,1,1,One leaf split between two wells,,,,,
New York,46,14,,,,42.34525845,1198.56165,1,1,1,,,,,,
New York,46,15,,,,42.34525845,1198.56165,0,0,1,One leaf split between two wells,,,,,
New York,46,16,,,,42.34525845,1198.56165,0,0,1,One leaf split between two wells,,,,,
New York,46,17,,,,42.34525845,1198.56165,1,1,1,,,,,,
New York,46,18,,,,42.34525845,1198.56165,1,1,1,,,,,,
New York,46,19,,,,42.34525845,1198.56165,1,1,1,,,,,,
New York,46,20,,,,42.34525845,1198.56165,0,NA,NA,e,,,,,
New York,47,1,,,,43.37426407,796.82941,0,0,1,One leaf split between two wells,,,,,
New York,47,2,,,,43.37426407,796.82941,0,NA,NA,e,,,,,
New York,47,3,,,,43.37426407,796.82941,0,NA,NA,e,,,,,
New York,47,4,,,,43.37426407,796.82941,1,1,1,,,,,,
New York,47,5,,,,43.37426407,796.82941,1,1,1,,,,,,
New York,47,6,,,,43.37426407,796.82941,1,1,1,,,,,,
New York,47,7,,,,43.37426407,796.82941,0,0,1,One leaf split between two wells,,,,,
New York,47,8,,,,43.37426407,796.82941,0,NA,NA,e,,,,,
New York,47,9,,,,43.37426407,796.82941,0,NA,NA,e,,,,,
New York,47,10,,,,43.37426407,796.82941,0,NA,NA,e,,,,,
New York,47,11,,,,43.37426407,796.82941,1,1,1,,,,,,
New York,47,12,,,,43.37426407,796.82941,0,0,0,One leaf split between two wells,,,,,
New York,47,13,,,,43.37426407,796.82941,0,NA,NA,e,,,,,
New York,47,14,,,,43.37426407,796.82941,0,0,0,One leaf split between two wells,,,,,
New York,47,15,,,,43.37426407,796.82941,0,NA,NA,e,,,,,
New York,47,16,,,,43.37426407,796.82941,0,NA,NA,e,,,,,
New York,47,17,,,,43.37426407,796.82941,0,NA,NA,e,,,,,
New York,47,18,,,,43.37426407,796.82941,1,1,1,,,,,,
New York,47,19,,,,43.37426407,796.82941,1,1,1,,,,,,
New York,47,20,,,,43.37426407,796.82941,0,NA,NA,e,,,,,
New York,48,1,,,,43.9779116,991.29749,1,1,1,,,,,,
New York,48,2,,,,43.9779116,991.29749,0,NA,NA,missing,,,,,
New York,48,3,,,,43.9779116,991.29749,0,NA,NA,e,,,,,
New York,48,4,,,,43.9779116,991.29749,0,NA,NA,missing,,,,,
New York,48,5,,,,43.9779116,991.29749,0,NA,NA,missing,,,,,
New York,48,6,,,,43.9779116,991.29749,0,NA,NA,missing,,,,,
New York,48,7,,,,43.9779116,991.29749,0,NA,NA,missing,,,,,
New York,48,8,,,,43.9779116,991.29749,0,NA,NA,e,,,,,
New York,48,9,,,,43.9779116,991.29749,0,NA,NA,missing,,,,,
New York,48,10,,,,43.9779116,991.29749,1,1,1,,,,,,
New York,48,11,,,,43.9779116,991.29749,0,NA,NA,missing,,,,,
New York,48,12,,,,43.9779116,991.29749,0,NA,NA,missing,,,,,
New York,48,13,,,,43.9779116,991.29749,0,0,0,One leaf split between two wells,,,,,
New York,48,14,,,,43.9779116,991.29749,0,NA,NA,missing,,,,,
New York,48,15,,,,43.9779116,991.29749,0,NA,NA,missing,,,,,
New York,48,16,,,,43.9779116,991.29749,0,NA,NA,missing,,,,,
New York,48,17,,,,43.9779116,991.29749,0,NA,NA,missing,,,,,
New York,48,18,,,,43.9779116,991.29749,0,NA,NA,missing,,,,,
New York,48,19,,,,43.9779116,991.29749,0,NA,NA,e,,,,,
New York,11-I,1,,,,24.99853329,2998.10938,0,1,0,,,,,,
New York,11-I,2,,,,24.99853329,2998.10938,0,0,1,One leaf split between two wells,,,,,
New York,11-I,3,,,,24.99853329,2998.10938,0,NA,NA,e,,,,,
New York,11-I,4,,,,24.99853329,2998.10938,0,0,0,One leaf split between two wells,,,,,
New York,11-I,5,,,,24.99853329,2998.10938,0,0,0,,,,,,
New York,11-I,6,,,,24.99853329,2998.10938,0,0,0,One leaf split between two wells,,,,,
New York,11-I,7,,,,24.99853329,2998.10938,1,1,1,,,,,,
New York,11-I,8,,,,24.99853329,2998.10938,0,0,0,One leaf split between two wells,,,,,
New York,11-I,9,,,,24.99853329,2998.10938,0,1,0,One leaf split between two wells,,,,,
New York,11-I,10,,,,24.99853329,2998.10938,0,1,0,One leaf split between two wells,,,,,
New York,11-I,11,,,,24.99853329,2998.10938,0,0,1,One leaf split between two wells,,,,,
New York,11-I,12,,,,24.99853329,2998.10938,0,0,1,One leaf split between two wells,,,,,
New York,11-I,13,,,,24.99853329,2998.10938,0,NA,NA,e,,,,,
New York,11-I,14,,,,24.99853329,2998.10938,0,1,0,,,,,,
New York,11-I,15,,,,24.99853329,2998.10938,0,NA,NA,e,,,,,
New York,11-I,16,,,,24.99853329,2998.10938,0,0,1,One leaf split between two wells,,,,,
New York,11-I,17,,,,24.99853329,2998.10938,1,1,1,,,,,,
New York,11-I,18,,,,24.99853329,2998.10938,0,NA,NA,e,,,,,
New York,11-I,19,,,,24.99853329,2998.10938,1,1,1,,,,,,
New York,11-I,20,,,,24.99853329,2998.10938,0,NA,NA,e,,,,,
New York,11-II,1,,,,23.8618481,876.59479,0,1,0,,,,,,
New York,11-II,2,,,,23.8618481,876.59479,1,1,1,,,,,,
New York,11-II,3,,,,23.8618481,876.59479,0,1,0,One leaf split between two wells,,,,,
New York,11-II,4,,,,23.8618481,876.59479,0,1,0,,,,,,
New York,11-II,5,,,,23.8618481,876.59479,0,1,0,One leaf split between two wells,,,,,
New York,11-II,6,,,,23.8618481,876.59479,0,NA,NA,e,,,,,
New York,11-II,7,,,,23.8618481,876.59479,1,1,1,,,,,,
New York,11-II,8,,,,23.8618481,876.59479,0,1,0,One leaf split between two wells,,,,,
New York,11-II,9,,,,23.8618481,876.59479,0,1,0,One leaf split between two wells,,,,,
New York,11-II,10,,,,23.8618481,876.59479,0,0,1,One leaf split between two wells,,,,,
New York,11-II,11,,,,23.8618481,876.59479,1,1,1,,,,,,
New York,11-II,12,,,,23.8618481,876.59479,0,0,1,One leaf split between two wells,,,,,
New York,11-II,13,,,,23.8618481,876.59479,0,0,1,One leaf split between two wells,,,,,
New York,11-II,14,,,,23.8618481,876.59479,0,1,1,One leaf split between two wells,,,,,
New York,11-II,15,,,,23.8618481,876.59479,0,1,0,One leaf split between two wells,,,,,
New York,11-II,16,,,,23.8618481,876.59479,0,0,0,One leaf split between two wells,,,,,
New York,11-II,17,,,,23.8618481,876.59479,0,NA,NA,e,,,,,
New York,11-II,18,,,,23.8618481,876.59479,0,1,0,One leaf split between two wells,,,,,
New York,11-II,19,,,,23.8618481,876.59479,0,0,0,One leaf split between two wells,,,,,
New York,11-II,20,,,,23.8618481,876.59479,0,NA,NA,e,,,,,